namn,stad,lan,email,hemsida,facebook,kalla,raw_address,phone,raw_source
Skaugom hundesenter Stian Stende,Norge,Innlandet,post@skaugom.no,http://www.skaugom.no,https://www.facebook.com/skaugomhundesenter,google_maps,"Blivgodtvegen 136, 2825 Gjøvik, Norge",+47 94 02 93 00,serpapi_google_maps
Gjøvik hundebarnehage,Norge,Innlandet,post@gjovikhundebarnehage.no,http://www.gjovikhundebarnehage.no,https://www.facebook.com/gjovikhundebarnehage,google_maps,"Blivgodtvegen 136, 2825 Gjøvik, Norge",+47 91 33 50 72,serpapi_google_maps
Nosework Gjøvik – Inga Lilja Standerholen Hundeinstruktør,Norge,Innlandet,info@noseworkgjovik.no,http://noseworkgjovik.no,https://www.facebook.com/noseworkgjovik,google_maps,"Kollsvegen 693, 2825 Gjøvik, Norge",+47 97 75 41 42,serpapi_google_maps
Midtbugaard Hundepensjonat,Norge,Innlandet,midtbugaard225@gmail.com,http://midtbugaard.com,,google_maps,"Midtbuvegen 225, 2843 Eina, Norge",+47 99 10 87 45,serpapi_google_maps
Stenberg Hundesenter,Norge,Innlandet,,http://stenberghundesenter.no,http://www.facebook.com/stenberghundesenter,google_maps,"Hågårlia 107, 2843 Eina, Norge",+47 95 76 15 55,serpapi_google_maps
Gårdsbackens Hundcenter,Örnsköldsvik,Innlandet,gardsbacken@telia.com,http://gardsbacken.se,https://www.facebook.com/Gardsbacken,google_maps,"Västergundsjö 127, 891 92 Örnsköldsvik",070-659 71 99,serpapi_google_maps
Nordvang Hundepensjonat,Norge,Innlandet,info@nordvang-hundepensjonat.no,http://www.nordvang-hundepensjonat.no,https://www.facebook.com/Nordvang.Hundepensjonat,google_maps,"Chausseen, 2340 Løten, Norge",+47 46 77 89 42,serpapi_google_maps
"Hundelodgen, Vangsåsen",Norge,Innlandet,,http://hundelodgen.no,,google_maps,"Veståsvegen 308, 2323 Ingeberg, Norge",+47 48 11 15 55,serpapi_google_maps
Lunner Katte- og Hundepensjonat AS,Norge,Innlandet,bo*****@**************nd.no,http://lunnerkattoghund.no,,google_maps,"Dæhlinvegen 15, 2730 Lunner, Norge",+47 90 91 71 67,serpapi_google_maps
Labben Hundepensjonat,Norge,Vestfold og Telemark,birgitte@hundepasser.no,http://hundepasser.no,https://www.facebook.com/labben.hundehotell/reviews,google_maps,"Lystadvegen 51, 2040 Kløfta, Norge",+47 95 22 28 52,serpapi_google_maps
Solvik Dog Farm,Norge,Vestfold og Telemark,,http://xn--solvikhundegrd-wib.no,,google_maps,"Lindemans gate 12, 3723 Skien, Norge",+47 92 83 60 27,serpapi_google_maps
Skien Hundelufting,Norge,Vestfold og Telemark,roger@skienhundelufting.no,http://www.skienhundelufting.no,,google_maps,"Trollsåsvegen 20, 3711 Skien, Norge",+47 90 80 96 77,serpapi_google_maps
Gode Hundedager hundelufting og hundepass i Ski,Norge,Vestfold og Telemark,,https://godehundedager.wordpress.com,,google_maps,"Haugerveien 4B, 1400 Ski, Norge",+47 91 67 64 37,serpapi_google_maps
VennenSin Hundelufting & Hundepass | Oslo og Bærum,Norge,Vestfold og Telemark,,https://www.hundeluftingoslo.no,https://www.facebook.com/oslohundepass,google_maps,"Mustads vei 12, 0283 Oslo, Norge",+47 46 53 42 28,serpapi_google_maps
The DogFather Skien,Norge,Vestfold og Telemark,,https://thedogfather.no,,google_maps,"Nedre Hjellegate 18, 3724 Skien, Norge",+47 97 41 54 14,serpapi_google_maps
Paw Paradise - Hundehotell & Kattehotell,Norge,Vestfold og Telemark,contact@mysite.com,http://www.pawparadise.no,,google_maps,"Rambydalsvegen 505, 2040 Kløfta, Norge",+47 92 96 83 56,serpapi_google_maps
Dog care - take care of dog in its home,Norge,Vestfold og Telemark,,https://www.facebook.com/Hundepass-pass-av-hund-i-hjemmet-alternativ-til-kennelpensjonat-164015657004854,,google_maps,"1950 Rømskog, Norge",+47 90 72 61 40,serpapi_google_maps
Ellefsen Hundehotell AS,Norge,Vestfold og Telemark,martine@ellefsenhundehotell.no,https://ellefsenhundehotell.no,https://www.facebook.com/profile.php,google_maps,"Dr. Høsts vei 40, 1346 Gjettum, Norge",+47 41 36 15 79,serpapi_google_maps
Hvitsten Hundepass,Norge,Vestfold og Telemark,,https://www.hvitstenhundepass.no,,google_maps,"Hærneskroken 27, 1545 Hvitsten, Norge",+47 92 02 76 20,serpapi_google_maps
Ida's Hundepasser,Norge,Vestfold og Telemark,,,,google_maps,"Gamle Fjæreveg 8, 3731 Skien, Norge",,serpapi_google_maps
Skien Hundeskole,Norge,Vestfold og Telemark,,https://skienhundeskole.no,,google_maps,"Valebø 285, 3721 Skien, Norge",,serpapi_google_maps
GoodDog,Norge,Vestfold og Telemark,,http://www.gooddog.no,https://www.facebook.com/gooddogbestfriends,google_maps,"Kirkeveien, 0268 Oslo, Norge",+47 48 10 73 03,serpapi_google_maps
Hundeparken på Klyve,Norge,Vestfold og Telemark,,https://www.facebook.com/KlyveHundepark,,google_maps,"Kongerødvegen 5, 3738 Skien, Norge",,serpapi_google_maps
Sletta hundeklubb,Norge,Vestfold og Telemark,,https://slettahundeklubb.com,,google_maps,"59°07'19. 9°40'06., 7th Ave 9, Norway, Norge",,serpapi_google_maps
Dogman and friends,Norge,Vestfold og Telemark,,https://dogman.no/store-detail/dogman-and-friends-porsgrunn,https://www.facebook.com/dogmanporsgrunn,google_maps,"Vestregata 21, 3919 Porsgrunn, Norge",+47 67 06 74 18,serpapi_google_maps
Telemark Dachshundklubb,Norge,Vestfold og Telemark,kennel@ratoppen.net,https://www.telemarkdachshundklubb.com/oppdrettere,https://www.facebook.com/pages/Kennel-Amaritas/244904605566825,google_maps,"Svanvikvegen 342, 3739 Skien, Norge",+47 35 59 31 23,serpapi_google_maps
Kennel Pil Hundehotell,Norge,Vestfold og Telemark,irisbelinda@gmail.com,http://kennelpil.no,,google_maps,"Fjæregrenda 19, 3220 Sandefjord, Norge",+47 92 29 00 02,serpapi_google_maps
Dog Wash Grenland,Norge,Vestfold og Telemark,,http://www.dogwash.no,https://www.facebook.com/dogwash.porsgrunn.no,google_maps,"Kulltangvegen 21, 3933 Porsgrunn, Norge",+47 93 65 49 49,serpapi_google_maps
Drøbak Dog Hotel AS,Norge,Vestfold og Telemark,post@drobakhundehotell.no,http://www.drobakhundehotell.no,https://www.facebook.com/pages/Dr%C3%B8bak-Hundehotell/176556182366747,google_maps,"Batteriveien 1, 1443 Drøbak, Norge",+47 46 81 12 60,serpapi_google_maps
Thorsheim Hundesenter,Norge,Vestfold og Telemark,post@thorsheimkennel.no,http://www.thorsheimhundehotell.no,https://www.facebook.com/thorsheimhundehotell,google_maps,"Haugangrenda 22, 3158 Andebu, Norge",+47 33 44 10 27,serpapi_google_maps
Dog Camp Hundehotell / Hundepensjonat,Norge,Vestfold og Telemark,dogcamp.booking@gmail.com,http://www.dogcamp.no,https://www.facebook.com/DogCampNorge,google_maps,"Rikkes vei 30, 3123 Tønsberg, Norge",+47 45 83 83 22,serpapi_google_maps
Damtjern Hundehotell,Norge,Vestfold og Telemark,booking@damtjern.no,https://www.damtjern.no,,google_maps,"Damtjernveien 44, 3175 Ramnes, Norge",+47 33 31 33 32,serpapi_google_maps
Standal Hunde og Kattehotell,Norge,Vestfold og Telemark,,http://www.standal.no,,google_maps,"Kirkebyenga 1, 1487 Hakadal, Norge",+47 67 07 73 60,serpapi_google_maps
Engell Hundesenter,Norge,Vestfold og Telemark,post@engellhundesenter.no,http://www.engellhundesenter.no,https://www.facebook.com/engellhundesenter,google_maps,"Tinghaugveien 632, 3175 Ramnes, Norge",+47 90 11 80 80,serpapi_google_maps
Feriehunden,Norge,Vestfold og Telemark,,http://www.feriehunden.no,,google_maps,"Grorud Gård, Grorudveien 50, 3158 Andebu, Norge",+47 99 04 92 40,serpapi_google_maps
Solhaug Hundepensjonat,Norge,Møre og Romsdal,,http://www.blidhund.no,,google_maps,"Storsætervegen 70, 6260 Skodje, Norge",+47 95 78 48 75,serpapi_google_maps
Hundeservice Ålesund,Norge,Møre og Romsdal,torilshundeservice@gmail.com,https://www.hundeserviceaalesund.com,https://www.facebook.com/Torils-Hundefris%C3%B8r-Dyresenteret-Tlf-41205298-107245082959401,google_maps,"Bregnevegen 6, 6011 Ålesund, Norge",+47 41 20 52 98,serpapi_google_maps
Doghouse Ålesund,Norge,Møre og Romsdal,,,,google_maps,"Kipervikgata 20, 6003 Ålesund, Norge",,serpapi_google_maps
Ålesund Hundesenter AS,Norge,Møre og Romsdal,johanthomas@alesundhundesenter.no,https://www.alesundhundesenter.no,https://www.facebook.com/alesundhundesenter,google_maps,"Borgundvegen 494, 6015 Ålesund, Norge",+47 99 23 95 55,serpapi_google_maps
Ålesund hund park,Norge,Møre og Romsdal,,https://www.facebook.com/groups/alesundhundepark,,google_maps,"Gangstøvikvegen 1670, 6008 Ålesund, Norge",,serpapi_google_maps
Rekdal Hundepensjonat,Norge,Møre og Romsdal,post@rekdaldyr.no,http://www.rekdaldyr.no,https://www.facebook.com/rekdaldyrepensjonat,google_maps,"Nedste Rekdalsvegen 219, 6395 Rekdal, Norge",+47 45 12 90 15,serpapi_google_maps
Sunnmøre Hundeklubb,Norge,Møre og Romsdal,,http://www.smhk.org,https://www.facebook.com/SunnmoreHK,google_maps,"6019 Ålesund, Norge",+47 97 87 10 97,serpapi_google_maps
Hund & Katte Paradiset,Norge,Møre og Romsdal,,,,google_maps,"Smibakken 3, 6018 Ålesund, Norge",,serpapi_google_maps
Sponberg hundepensjonat,Norge,Møre og Romsdal,,https://sponberghundepensjonat.no,,google_maps,"Neråsvegen 88, 6390 Vestnes, Norge",+47 40 33 09 55,serpapi_google_maps
Tverberg hund- og kattepensjonat,Norge,Møre og Romsdal,nettsida@tverberghund.no,http://www.tverberghund.no,https://www.facebook.com/Tverberg-Hund-og-Kattepensjonat-415445108524594,google_maps,"Norddalsvegen 574, 6140 Syvde, Norge",+47 91 59 99 82,serpapi_google_maps
HUNDEPASSERNE Fornebu,Molde,Møre og Romsdal,post@hundepasserne.no,http://www.hundepasserne.no,https://www.facebook.com/webnode,google_maps,,+47 92 26 66 00,serpapi_google_maps
Nordbyen Hundepark,Norge,Møre og Romsdal,,,,google_maps,"Jensgurilia, 6429 Molde, Norge",,serpapi_google_maps
MöllerGårdens Hundcenter,Ängelholm,Møre og Romsdal,info@mollergardenshundcenter.se,http://www.mollergardenshundcenter.se,,google_maps,"Ausås mölleväg 39, 262 95 Ängelholm",073-800 31 36,serpapi_google_maps
Värmdös Hunddagis & Djurpensionat,Värmdö,Møre og Romsdal,kontakt@varmdohunddagis.se,http://www.varmdohunddagis.se,https://www.facebook.com/varmdohunddagis,google_maps,"Skärgårdsvägen 267, 139 33 Värmdö",073-973 89 73,serpapi_google_maps
Annie's hundhotell /hunddagis,Kristianstad,Møre og Romsdal,annieshundar@gmail.com,http://annieshundar.se,,google_maps,"Östra Blekingevägen 45, 291 50 Kristianstad",076-201 75 58,serpapi_google_maps
Tygelsjö Hundpensionat,Tygelsjö,Møre og Romsdal,info@europaresor.nu,https://xn--tygelsjhundpensionat-99b.se,,google_maps,"Glostorpsvägen 56, 218 75 Tygelsjö",040-46 94 24,serpapi_google_maps
Österlens Hundpensionat,Hammenhög,Møre og Romsdal,,https://osterlens-hundpensionat.webnode.se,,google_maps,"EKLIDEN, Salarpsvägen 27, 276 56 Hammenhög",070-201 50 65,serpapi_google_maps
Knektagårdens hundpensionat,Rolfstorp,Møre og Romsdal,knektagarden@hotmail.com,http://www.knektagarden.se,https://www.facebook.com/knektagarden,google_maps,"VALINGE SÄM 4, 430 16 Rolfstorp",072-090 88 75,serpapi_google_maps
Lodjuret Hunddagis,Malmö,Møre og Romsdal,hunddagiset@gmail.com,http://www.lodjuret.com,https://facebook.com/lodjurethunddagis,google_maps,"Inne på gården, Norra Bulltoftavägen 65C, 212 43 Malmö",070-601 24 77,serpapi_google_maps
Engen hundepensjonat,Molde,Møre og Romsdal,,,,google_maps,,,serpapi_google_maps
Kringsvoll Hundehotell,Molde,Møre og Romsdal,,,,google_maps,,+47 90 10 28 50,serpapi_google_maps
Myra Dogpark,Norge,Møre og Romsdal,,,,google_maps,"Skytterveien 6514, 6514 Kristiansund, Norge",,serpapi_google_maps
Kristiansund hundeklubb,Norge,Møre og Romsdal,,http://krhk.no,https://www.facebook.com/kristiansund.hundeklubb,google_maps,"Møstveien, 6523 Frei, Norge",,serpapi_google_maps
Hundeland,Norge,Møre og Romsdal,,http://www.hundelandnordvest.com,,google_maps,"Tøvikveien, 6532 Averøy, Norge",+47 92 49 33 25,serpapi_google_maps
Hundens Feriesenter,Norge,Sogn og Fjordane,info@hundensferiesenter.no,http://www.hundensferiesenter.no,,google_maps,"Lillian Kråkenes, Øvre Skårhaug 16, 6770 Nordfjordeid, Norge",+47 95 22 26 37,serpapi_google_maps
HUNDEPASSERNE Fornebu,Nordfjord,Sogn og Fjordane,post@hundepasserne.no,http://www.hundepasserne.no,https://www.facebook.com/webnode,google_maps,,+47 92 26 66 00,serpapi_google_maps
Leikanger Hund,Norge,Sogn og Fjordane,,http://leikangerhund.com,,google_maps,"Dalsvegen 14, 6863 Leikanger, Norge",+47 48 49 44 37,serpapi_google_maps
Kvamme Dogcare,Norge,Sogn og Fjordane,kvammedogcare@gmail.com,http://www.kvammedogcare.com,,google_maps,"Skulegata 26, 5722 Dale, Norge",+47 48 22 02 78,serpapi_google_maps
Utsikten Hundepensjonat,Norge,Sogn og Fjordane,,,,google_maps,"Åbergevegen, 6856 Sogndal, Norge",+47 95 15 55 36,serpapi_google_maps
Hundegården Askøy,Norge,Sogn og Fjordane,,http://hundehotell.no,,google_maps,"Skogedalen 13, 5305 Florvåg, Norge",+47 92 29 68 01,serpapi_google_maps
Hjortland Hundesportsenter,Norge,Sogn og Fjordane,hjortland@hundesportsenter.no,http://www.hundesportsenter.no,,google_maps,"Hjortlandsvegen 230, 5135 Flaktveit, Norge",+47 95 15 88 01,serpapi_google_maps
Villa Fureskjegget Hundepensjonat,Norge,Sogn og Fjordane,,https://www.facebook.com/profile.php,,google_maps,"Fureskjeggvegen 28, 5919 Frekhaug, Norge",+47 93 06 29 96,serpapi_google_maps
Lasse og Lise's Hundehotel,Norge,Sogn og Fjordane,,http://lasselise.no,https://www.facebook.com/pages/Lossasse-Lises-Hundehotel/188325927866796,google_maps,"Erdalsvegen 121, 5226 Nesttun, Norge",+47 91 51 02 05,serpapi_google_maps
Lykkepoten Hundehotell Sølvi Underhaug Nordtveit,Norge,Sogn og Fjordane,,http://lykkepoten.no,https://www.facebook.com/lykkepoten,google_maps,"Vikevegen 245, 5574 Skjold, Norge",+47 95 90 65 99,serpapi_google_maps
Søyland hundehotell,Norge,Sogn og Fjordane,soyland.hundehotell@gmail.com,http://www.soylandhundehotell.com,https://facebook.com/S%C3%B8yland-Hundehotell-464703823962161,google_maps,"Søylandsvegen 35, 4365 Nærbø, Norge",+47 41 11 65 48,serpapi_google_maps
Cozy Hundehotell,Norge,Sogn og Fjordane,post@cozyhundehotell.no,http://www.cozyhundehotell.no,https://www.facebook.com/cozyhundehotell,google_maps,"Søredalen 194, 4308 Sandnes, Norge",+47 91 92 03 00,serpapi_google_maps
Støle Hunde- og Kattepensjonat,Norge,Rogaland,,https://www.facebook.com/share/1AfBSQSq9R,,google_maps,"Stølevegen 16, 5514 Haugesund, Norge",+47 99 71 74 91,serpapi_google_maps
Hegglund Hundepass,Haugesund,Rogaland,,https://www.facebook.com/share/1CQMVF1xdt,,google_maps,,+47 97 06 78 80,serpapi_google_maps
Hundepark,Norge,Rogaland,,,,google_maps,"5519 Haugesund, Norge",,serpapi_google_maps
Haugaland Hundeskole ANS,Norge,Rogaland,,,,google_maps,"Sundgata 36, 5527 Haugesund, Norge",+47 52 77 83 00,serpapi_google_maps
Tønsberg Hundepark,Norge,Vestfold og Telemark,,,,google_maps,"3111 Tønsberg, Norge",,serpapi_google_maps
Grøstad Hundesenter,Norge,Vestfold og Telemark,,https://www.grostadhundesenter.com,,google_maps,"Hengsrudveien 563, 3176 Våle, Norge",+47 94 85 80 52,serpapi_google_maps
Kennel Bergtatt Slipp hunden løs,Norge,Vestfold og Telemark,,,,google_maps,"Elvedalsveien 506, 3158 Andebu, Norge",+47 98 65 49 02,serpapi_google_maps
Tønsberg Hundeklubb,Norge,Vestfold og Telemark,,https://tonsberghundeklubb.no,https://www.facebook.com/tonsberghundeklubb,google_maps,"3157 Tønsberg, Norge",,serpapi_google_maps
Hege's Hundesalong,Norge,Vestfold og Telemark,post@tonsberg-dyreklinikk.no,https://www.tonsberg-dyreklinikk.no/behandling/pelsstell,,google_maps,"Semslinna 27, 3170 Sem, Norge",+47 33 33 38 24,serpapi_google_maps
Hello Doggy,Norge,Vestfold og Telemark,,http://www.hellodoggy.no,https://www.facebook.com/hellodoggyfrisor,google_maps,"Håndverkergaten 4, 3117 Tønsberg, Norge",+47 45 15 15 55,serpapi_google_maps
Hundenmin Hundeskole,Norge,Vestfold og Telemark,post@hundenmin.no,http://hundenmin.no,https://www.facebook.com/hundenminhundeskole,google_maps,"Ulvikveien 23, 3150 Tolvsrød, Norge",+47 46 54 11 07,serpapi_google_maps
Hundepensjonatet Mørk,Norge,Vestfold og Telemark,,http://www.vettin.no,,google_maps,"Åsrumveien 167, 3220 Sandefjord, Norge",+47 90 11 42 41,serpapi_google_maps
Sandefjord Hundelufting,Norge,Vestfold og Telemark,hei@sandefjordhundelufting.no,http://www.sandefjordhundelufting.no,,google_maps,"Åsane 34, 3231 Sandefjord, Norge",,serpapi_google_maps
Sandefjord Hundepark,Norge,Vestfold og Telemark,,https://sandefjordhundeklubb.no/sandefjord-hundepark,,google_maps,"3214 Sandefjord, Norge",,serpapi_google_maps
Hundepasser Celine,Norge,Viken,,https://m.facebook.com/groups/657666431001265,,google_maps,"Grågåsveien 51, 1529 Moss, Norge",+47 97 77 45 10,serpapi_google_maps
Hundpensionat Mossahus,Klippan,Viken,info@hundpensionat-mossahus.se,http://www.hundpensionat-mossahus.se,,google_maps,"Rösa 1085, 264 91 Klippan",073-541 26 91,serpapi_google_maps
"Mariedals Hundpensionat, Kattpensionat & Hästverksamhet",Kungsbacka,Viken,pelle@mariedahl.se,http://www.mariedahl.se,,google_maps,"Mariedals gårdsväg 64, 434 96 Kungsbacka",070-218 59 34,serpapi_google_maps
Kelilis Kennel og Hundepensjonat,Norge,Viken,,,,google_maps,"Langøyveien 15, 1640 Råde, Norge",+47 40 46 12 40,serpapi_google_maps
Gyllerboda Hundcenter AB,Örbyhus,Viken,info@gyllerbodahundcenter.com,http://www.gyllerbodahundcenter.com,https://www.facebook.com/profile.php,google_maps,"Gyllerboda 118, 748 95 Örbyhus",070-288 41 72,serpapi_google_maps
stjärnmossens hundpensionat,Färgelanda,Viken,,http://stjarnmossenshundpensionat.hemsida24.se,,google_maps,"HILLINGSÄTER 2, 458 91 Färgelanda",070-419 84 00,serpapi_google_maps
Lekvalls Hundpensionat,Lilla Edet,Viken,annika@lekvallshundpensionat.se,http://www.lekvallshundpensionat.se,,google_maps,"Lekvall 241, 463 92 Lilla Edet",070-336 97 52,serpapi_google_maps
Kungsbacka Hundpensionat,Kungsbacka,Viken,zakeya@live.se,http://www.kungsbackahundpensionat.se,,google_maps,"Vallda Intagsv 19, 434 92 Kungsbacka",070-955 92 03,serpapi_google_maps
Skolleras Hundpensionat,Lindome,Viken,,,,google_maps,437 93 Lindome,,serpapi_google_maps
MerryMac Hund- o. kattpensionat,Kalmar,Viken,merrymac315@gmail.com,http://www.merrymac.se,,google_maps,"Vedbylund 731, 395 90 Kalmar",0480-47 49 02,serpapi_google_maps
Kamperhaug Farm Dog Lodging and Shop,Norge,Viken,post@kamperhaug-gaard.no,http://kamperhauggaardoghundepensjonat.no,https://facebook.com/kamperhaugoghundepensjonat,google_maps,"Rokkeveien 531, 1763 Halden, Norge",+47 90 93 86 48,serpapi_google_maps
Håslövs Hundpensionat AB,Vellinge,Viken,info@hundpensionatet.nu,http://hundpensionatet.nu,https://www.facebook.com/H%C3%A5sl%C3%B6vs-Hundpensionat-205015593030,google_maps,"Döseryggen 79, 235 91 Vellinge",040-42 34 50,serpapi_google_maps
Trollskogens hund och kattpensionat,Oskarshamn,Viken,info@dovestad.com,http://www.djurpensionat.com,,google_maps,"Dövestad 1, 572 91 Oskarshamn",070-592 47 15,serpapi_google_maps
Järvsö Hundtjänst,Järvsö,Viken,tau582b@tninet.se,http://www.hundstallet.dinstudio.se,,google_maps,"Sanna norvägen 19, 827 54 Järvsö",0651-407 87,serpapi_google_maps
Lund Hundepensjonat,Norge,Viken,post@lund-hund.no,http://www.lund-hund.no,https://www.facebook.com/LundHundetjenester,google_maps,"Trøskenveien 30, 1640 Råde, Norge",+47 95 55 50 19,serpapi_google_maps
Ski Hundepensjonat,Norge,Viken,post@skihundepensjonat.no,http://www.skihundepensjonat.no,https://www.facebook.com/www.skihundepensjonat.no,google_maps,"Bergerveien 21, 1408 Kråkstad, Norge",+47 97 01 94 00,serpapi_google_maps
Gunnarsmo Hundpensionat,Nybro,Viken,,,,google_maps,"GUNNARSMO 111, 382 94 Nybro",,serpapi_google_maps
Oskarshamns Hundpensionat,Oskarshamn,Viken,,,,google_maps,"Herrgårdsvägen 20, 572 37 Oskarshamn",070-337 35 47,serpapi_google_maps
Fredrikstad Hundepensjonat,Norge,Viken,,http://www.fredrikstadhundepensjonat.no,,google_maps,"Ringstadhavna 20, 1667 Rolvsøy, Norge",+47 46 31 78 03,serpapi_google_maps
Østfold kennel og Hundesenter AS,Norge,Viken,josteingrav@gmail.com,https://ostfoldkennel.no,https://www.facebook.com/ostfoldkenneloghundesenter,google_maps,"Riggesemveien 157, 1827 Hobøl, Norge",+47 90 16 61 00,serpapi_google_maps
Hundebarnehagen i Østfold AS,Norge,Viken,,https://nb-no.facebook.com/Hundebarnehage,,google_maps,"Gamle Kongevei 1712, 1712 Grålum, Norge",+47 92 69 02 90,serpapi_google_maps
Hundepasser Oslo,Norge,Viken,,https://www.rover.com/sit/krists11103,,google_maps,"Odvar Solbergs vei 150, 0973 Oslo, Norge",,serpapi_google_maps
Hundebarnehagen i Halden,Norge,Viken,hundebarnehagen.halden@gmail.com,https://hundebarnehagen-halden1.webnode.com,,google_maps,"Viksletta 97, 1788 Halden, Norge",+47 97 68 81 33,serpapi_google_maps
Who Let The Dogs Out? - Oslo Dog Walking,Norge,Viken,,https://oslo-hundelufting.no,,google_maps,"Langmyrgrenda 40 B, 0861 Oslo, Norge",+47 47 94 84 64,serpapi_google_maps
Forsakvarns Hundpensionat,Slöinge,Viken,forsakvarnshundcenter@hotmail.com,http://forsakvarnshundcenter.com,,google_maps,"SEMBS MÖLLA 102, 311 67 Slöinge",073-505 14 87,serpapi_google_maps
Höglandets Hundpensionat,Sävsjö,Viken,,https://xn--hglandetshundpensionat-uhc.se,,google_maps,"Rogstad 1, 576 91 Sävsjö",073-526 66 59,serpapi_google_maps
Normlösa lyckevallen hundpensionat,Skänninge,Viken,,http://mixalex.com,https://www.facebook.com/profile.php,google_maps,596 93 Skänninge,,serpapi_google_maps
Bråvikens Hundpensionat HB,Norrköping,Viken,,,,google_maps,605 92 Norrköping,011-34 03 04,serpapi_google_maps
DoggsenCenter Hundpensionat / Hunddagis,Åby,Viken,info@doggsencenter.se,http://www.doggsencenter.se,,google_maps,"RÖDKÄRR, 616 91 Åby",070-376 55 16,serpapi_google_maps
Källhagens Gård & Hundpensionat,Lindesberg,Viken,info@kallhagens.se,https://kallhagens.se,https://facebook.com/kallhagens,google_maps,"Aspensäng Källhagen 195, 711 93 Lindesberg",072-222 89 83,serpapi_google_maps
Bergshamra Hunddagis,Solna,Viken,,,,google_maps,"Järvstigen 2, 170 71 Solna",076-855 90 91,serpapi_google_maps
Grändens Hunddagis & Pensionat AB,Knislinge,Viken,hunddagis@grandens.se,http://www.grandens.se,,google_maps,"Färgerigatan 8, 289 33 Knislinge",073-426 05 11,serpapi_google_maps
Norsk Shetland Sheepdog klubb,Norge,Viken,styret@nssk.no,http://www.nssk.no,https://www.facebook.com/NSSK-Norsk-Shetland-Sheepdog-Klubb-114734415276175,google_maps,"Mosseveien 108, 1580 Rygge, Norge",,serpapi_google_maps
Hundkojan,Lindesberg,Viken,info@kallhagens.se,http://www.hundkojanlinde.se,https://facebook.com/kallhagens,google_maps,"Koppgatan 14, 711 30 Lindesberg",072-147 16 34,serpapi_google_maps
Hundhaga,Höllviken,Viken,hundhaga@outlook.com,http://www.hundhaga.se,https://www.facebook.com/Hundhaga,google_maps,"Kämpingevägen 54-9, 236 51 Höllviken",072-968 22 36,serpapi_google_maps
Hund i centrum Tagenevägen,Hisings Kärra,Agder,backaplan@hundicentrum.se,https://www.hundicentrum.se,http://sv-se.facebook.com/hundicentrum,google_maps,"Tagenevägen 21, 425 37 Hisings Kärra",072-324 74 58,serpapi_google_maps
Kålltorps Hundställe AB,Göteborg,Agder,,http://kalltorpshundstalle.se,,google_maps,"Wingårdsgatan 3D, 416 54 Göteborg",076-007 49 66,serpapi_google_maps
Göteborgs Hunddagis Backaplan,Göteborg,Agder,alingsas@goteborgshunddagis.se,https://www.goteborgshunddagis.se,https://www.facebook.com/GoteborgsHunddagis,google_maps,"Ångpannegatan 2, 417 05 Göteborg",073-529 29 35,serpapi_google_maps
Mölndals hunddagis - Mölndal,Mölndal,Agder,molndalshunddagis@gmail.com,http://molndalshunddagis.se,https://www.facebook.com/p/M%C3%B6lndals-hunddagis-AB-100084048623355,google_maps,"Prästgårdsgatan, Pedagogen Park 20, 431 44 Mölndal",072-286 52 09,serpapi_google_maps
Göteborgs Hunddagis-Högsbo,Västra Frölunda,Agder,alingsas@goteborgshunddagis.se,https://www.goteborgshunddagis.se,https://www.facebook.com/GoteborgsHunddagis,google_maps,"F O Petersons g 7, 421 31 Västra Frölunda",070-441 57 02,serpapi_google_maps
Göteborgs Hunddagis Mölndal,Mölndal,Agder,alingsas@goteborgshunddagis.se,https://www.goteborgshunddagis.se,https://www.facebook.com/GoteborgsHunddagis,google_maps,"Alfagatan 4B, 431 49 Mölndal",073-511 55 07,serpapi_google_maps
Hund i Centrum Hildebrandsgatan,Göteborg,Agder,backaplan@hundicentrum.se,https://www.hundicentrum.se,http://sv-se.facebook.com/hundicentrum,google_maps,"Hildebrandsgatan 3, 417 05 Göteborg",072-310 74 58,serpapi_google_maps
Koppla Av Hundcenter AB i Mölndal,Mölndal,Agder,info@kopplaav.com,http://www.kopplaav.com,https://facebook.com/129692191440,google_maps,"Taljegårdsgatan 3, 431 53 Mölndal",070-090 71 56,serpapi_google_maps
Göteborgs Hunddagis-Dog Royal på Hisingen,Göteborg,Agder,alingsas@goteborgshunddagis.se,https://goteborgshunddagis.se,https://www.facebook.com/GoteborgsHunddagis,google_maps,"Åskvädersgatan 1, 418 34 Göteborg",076-320 30 88,serpapi_google_maps
Göteborgs Hunddagis-Sisjön,Askim,Agder,alingsas@goteborgshunddagis.se,http://www.goteborgshunddagis.se,https://www.facebook.com/GoteborgsHunddagis,google_maps,"Södra Långebergsgatan 20, 436 32 Askim",073-530 60 39,serpapi_google_maps
Hundpositivet,Mölndal,Agder,info@hundpositivet.com,http://www.hundpositivet.com,https://www.facebook.com/hundpositivet,google_maps,"Södra Holtermansgatan 2, 431 31 Mölndal",076-022 90 44,serpapi_google_maps
Kayogården Hundpensionat - Hundpensionat Kungälv,Romelanda,Agder,info@kayogarden.se,https://www.kayogarden.se,,google_maps,"Gömmet 110, 442 92 Romelanda",073-328 00 22,serpapi_google_maps
Alingsås Hundarena-Hunddagis,Alingsås,Agder,alingsas@goteborgshunddagis.se,https://goteborgshunddagis.se,https://www.facebook.com/GoteborgsHunddagis,google_maps,"Verkstadsgatan 3, 441 57 Alingsås",076-325 81 63,serpapi_google_maps
Hundakademin Mölndal-Lindome,Lindome,Agder,info@hundakademin.com,https://hundakademin.se,,google_maps,"Annebergsvägen 19, 437 93 Lindome",031-68 55 54,serpapi_google_maps
VOFFii - Bedre hverdag for alle med hund,Norge,Agder,hei@voffii.no,http://www.voffii.no,https://www.facebook.com/www.voffii.no,google_maps,"Furusethgata 5, 4. Etg, 2050 Jessheim, Norge",+47 40 84 59 94,serpapi_google_maps
Dømmesmoen Hunde - og Aktivitetspark,Norge,Agder,,,,google_maps,"Sannerbekken, 4885 Grimstad, Norge",,serpapi_google_maps
Hundetrener Helene,Norge,Agder,helene@hundetrenerhelene.no,https://hundetrenerhelene.no,https://www.facebook.com/hundetrenerhelene,google_maps,"Nordre Skrenten 1G, 1413 Tårnåsen, Norge",+47 98 05 21 38,serpapi_google_maps
HUNDEPASSERNE Fornebu,Grimstad,Agder,post@hundepasserne.no,http://www.hundepasserne.no,https://www.facebook.com/webnode,google_maps,,+47 92 26 66 00,serpapi_google_maps
Hundetrening,Norge,Agder,styret@fredrikstadbrukshundklubb.no,https://www.fredrikstadbrukshundklubb.no,https://www.facebook.com/FredrikstadOgOmegnBrukshundklubb,google_maps,"Evenrødveien 82, 1615 Fredrikstad, Norge",+48 736 212 314,serpapi_google_maps
Sarpsborg Dog Kindergarten,Norge,Agder,,,,google_maps,"Haraldstadveien 23, 1712 Sarpsborg, Norge",+47 40 09 53 65,serpapi_google_maps
Hundesenteret As,Norge,Agder,,http://hundesenteret.no,,google_maps,"Tillerbruvegen 131, 7092 Trondheim, Norge",+47 41 30 51 79,serpapi_google_maps
Mariestads Hundpensionat,Mariestad,Agder,,,,google_maps,"Ek 3, 542 94 Mariestad",0501-330 43,serpapi_google_maps
Rana Hundesenter AS,Norge,Nordland,lene@ranahundesenter.no,http://www.ranahundesenter.no,http://www.facebook.com/ranahundesenter,google_maps,"Nesnaveien 330, 8616 Mo i Rana, Norge",+47 97 52 17 49,serpapi_google_maps
Hundeklipperiet AS,Norge,Nordland,,,,google_maps,"Trålveien 50, 8013 Bodø, Norge",+47 90 59 23 65,serpapi_google_maps
HUNDEPASSERNE Fornebu,Bodø,Nordland,post@hundepasserne.no,http://www.hundepasserne.no,https://www.facebook.com/webnode,google_maps,,+47 92 26 66 00,serpapi_google_maps
Øverstuen hund og katt,Norge,Nordland,overstuen@hotmail.com,http://www.overstuen-hundogkatt.com,https://nb-no.facebook.com/OverstuenHundOgKatt,google_maps,"Velsvågveien 46, 8890 Leirfjord, Norge",+47 47 62 69 03,serpapi_google_maps
Bodø Hundeterapi Julie Leirvik,Norge,Nordland,,,,google_maps,"Amtmann Bergs vei 9B, 8009 Bodø, Norge",+47 97 04 14 24,serpapi_google_maps
Blåfjell Hundesenter AS,Norge,Nordland,blaafjellhundesenter@outlook.com,https://www.blaafjellhundesenter.no,https://www.facebook.com/blaafjellhundesenter,google_maps,"Blåfjellveien 149, 8664 Mosjøen, Norge",+47 94 88 48 33,serpapi_google_maps
Black Sheep Hundesenter,Bodø,Nordland,,,,google_maps,,+47 48 05 15 06,serpapi_google_maps
Høgtind kennel og hundehotell,Norge,Nordland,,http://hogtind-hundehotell.no,https://www.facebook.com/H%C3%B8gtind-Kennel-og-Hundehotell-As-738472403188129,google_maps,"Nedre Beiarveien 473, 8110 Moldjord, Norge",+47 90 71 24 84,serpapi_google_maps
Gudebo hundpensionat,Strömstad,Nordland,hildegunn@gudebo.se,https://www.gudebo.se,,google_maps,"Gudebo 2, 452 94 Strömstad",070-730 56 33,serpapi_google_maps
Sundøy hundepensjonat,Norge,Nordland,,,,google_maps,"Gnr 111 Bnr 46, 8892 Sundøy, Norge",+47 75 04 97 00,serpapi_google_maps
Potenord Hundesenter & hundekurs Narvik,Norge,Nordland,kristine@potenord.no,http://potenord.no,,google_maps,"Gropveien 78, 8520 Beisfjord, Norge",+47 98 45 68 34,serpapi_google_maps
Narvik Hundesenter,Norge,Nordland,kristine@potenord.no,https://www.narvikhundesenter.no,,google_maps,"Kalvås E6 276, 8540 Ballangen, Norge",+47 98 45 68 34,serpapi_google_maps
Black Sheep Hundesenter,Narvik,Nordland,,,,google_maps,,+47 48 05 15 06,serpapi_google_maps
Narvik hundepark,Norge,Nordland,,,,google_maps,"Villaveien, 8516 Narvik, Norge",,serpapi_google_maps
Granbakken dyreklinikk og Hundepensjonat,Norge,Østland,post@granbakken.no,http://www.granbakken.no,,google_maps,"Sørkedalsveien 740, 0758 Oslo, Norge",+47 22 49 90 51,serpapi_google_maps
Hundeglede,Norge,Østland,,http://hundeglede.com,,google_maps,"Ullevålsveien 35, 0171 Oslo, Norge",+47 92 48 14 71,serpapi_google_maps
Hundehus,Norge,Østland,,http://www.den4dogs.no,,google_maps,"Vulkan 22, 0175 Oslo, Norge",,serpapi_google_maps
Stepan A. Ermakov hundepass,Norge,Østland,,https://www.stepanermakov.com/dog-sitting,,google_maps,"Grønland 13, 0188 Oslo, Norge",+47 96 71 24 30,serpapi_google_maps
Zen Dog Hundebarnehage & Nattpass,Norge,Østland,,,,google_maps,"Nordahl Bruns gate 7, 0165 Oslo, Norge",,serpapi_google_maps
Gardermoen Hunde- og Kattehotell AS,Norge,Østland,post@ghkas.no,http://ghkas.no,,google_maps,"Gardermovegen 160, 2032 Maura, Norge",+47 63 99 98 30,serpapi_google_maps
Sofienbergparken Hundelufting,Norge,Østland,,https://www.facebook.com/sofienbergparkenhundelufting,,google_maps,"0558 Oslo, Norge",+47 92 06 24 76,serpapi_google_maps
Dalen Hundepensjonat,Norge,Østland,dalenhundepensjonat@gmail.com,https://dalenhundepensjonat.no,,google_maps,"Linnskauveien 140, 1455 Nordre Frogn, Norge",+47 91 58 41 81,serpapi_google_maps
Hundedaghjemmet,Norge,Østland,,http://hundedaghjemmet.no,https://facebook.com/Hundedaghjemmet-165639643456234,google_maps,"Solbergveien 202, 2020 Skedsmokorset, Norge",+47 64 83 90 60,serpapi_google_maps
Hundebarnehagen AS,Norge,Østland,post@hundebarnehagen.no,http://hundebarnehage.com,,google_maps,"Syverstadveien 21, 1394 Nesbru, Norge",+47 92 49 33 25,serpapi_google_maps
DogWithin,Norge,Østland,info@dogwithin.com,http://www.dogwithin.com,https://www.facebook.com/wix,google_maps,"Bergensgata 12A, 0468 Oslo, Norge",+47 96 73 63 37,serpapi_google_maps
Dogbros,Norge,Østland,,,,google_maps,"Wilhelm Færdens vei 1c, 0361 Oslo, Norge",+47 45 51 12 75,serpapi_google_maps
Hundebarnehagen as avd. Bærum,Norge,Østland,post@hundebarnehagen.no,http://www.hundebarnehage.com,,google_maps,"Ankerveien 567, 1356 Bekkestua, Norge",+47 92 01 75 08,serpapi_google_maps
HUNDEPASSERNE Fornebu,Oslo,Østland,post@hundepasserne.no,http://www.hundepasserne.no,https://www.facebook.com/webnode,google_maps,,+47 92 26 66 00,serpapi_google_maps
Bergen Hundebarnehage,Norge,Hordaland,post@bergenhundebarnehage.no,https://www.bergenhundebarnehage.no,https://www.facebook.com/bergenhundebarnehage,google_maps,"Fanavegen 27, 5221 Nesttun, Norge",+47 90 50 50 33,serpapi_google_maps
Bergen Hundesalong,Norge,Hordaland,bergenhundesalong@gmail.com,https://www.bergenhundesalong.no,https://www.facebook.com/bergenhundesalong,google_maps,"Hardangervegen 21, 5221 Nesttun, Norge",+47 40 82 55 88,serpapi_google_maps
BERGEN DOG SCHOOL,Norge,Hordaland,post@bergenhundeskole.no,http://www.bergenhundeskole.no,https://www.facebook.com/BergenHundeskole,google_maps,"Titlestadvegen 21, 5243 Fana, Norge",+47 47 32 23 51,serpapi_google_maps
Bergen Dog Hall,Norge,Hordaland,hundehall@outlook.com,https://www.bergenhundehall.no,https://www.facebook.com/askoybrenselas,google_maps,"Sælenveien 160, 5143 Fyllingsdalen, Norge",+47 40 06 54 10,serpapi_google_maps
Åsane hundebarnehage,Norge,Hordaland,,,,google_maps,"Heiane 18A, 5131 Nyborg, Norge",+47 97 73 07 54,serpapi_google_maps
Hundegård På Klauvaneset,Norge,Hordaland,,https://www.facebook.com/share/n7r3T5LdLM88iRwV,,google_maps,"Klauvaneset, 5108 Bergen, Norge",,serpapi_google_maps
Bergen Hundeterapi AS,Norge,Hordaland,post@bergenhundeterapi.no,https://bergenhundeterapi.no,https://www.facebook.com/BergenHundeterapi,google_maps,"Hardangervegen 871, 5267 Espeland, Norge",+47 99 15 87 32,serpapi_google_maps
Fjellanger Hundesenter,Norge,Hordaland,post@fjellanger.net,https://www.fjellanger.net,https://www.facebook.com/Fjellanger-Hundeskole-AS-332215235079,google_maps,"Lyseklostervegen 310, 5215 Lysekloster, Norge",+47 56 30 02 79,serpapi_google_maps
Hundeluftegård,Norge,Hordaland,,,,google_maps,"88VF+2M, 5152 Bergen, Norge",,serpapi_google_maps
Fjellbakk Hundehotell,Norge,Hordaland,,,,google_maps,"Gamlevegen 27C, 5212 Syfteland, Norge",+47 91 32 86 04,serpapi_google_maps
Erwoldergården Hundehotell Erwolder,Norge,Hordaland,,,,google_maps,"Henrik Wergelands gate 12, 5031 Bergen, Norge",+47 97 06 01 60,serpapi_google_maps
Tunge Hundesenter,Norge,Hordaland,tunge@hund.as,https://www.tungehundesenter.no,https://www.facebook.com/Tungehundesenter.no,google_maps,"Dalsbrukvegen 253, 5584 Bjoa, Norge",+47 53 76 99 90,serpapi_google_maps
Trondheim Hundehotell AS,Norge,Trøndelag,post@trondheimhundehotell.no,https://www.trondheimhundehotell.no,https://www.facebook.com/trondheimhundehotell,google_maps,"Tilleråsen 68, 7092 Tiller, Norge",+47 90 13 68 87,serpapi_google_maps
Tolvstad DogCare,Norge,Trøndelag,,,,google_maps,"Søndre Berg, 7050 Trondheim, Norge",+47 40 62 90 31,serpapi_google_maps
Byneset Hundepensjonat,Norge,Trøndelag,g-oh@online.no,http://bynesethundepensjonat.com,https://www.facebook.com/bynesethundepensjonat,google_maps,"Mebygdvegen 388, 7070 Bosberg, Norge",+47 92 82 42 00,serpapi_google_maps
Nordset Hundepensjonat,Norge,Trøndelag,gaardsdrift@outlook.com,http://www.gaardsdrift.com,https://facebook.com/profile.php,google_maps,"Nordsetvegen 416, 7540 Klæbu, Norge",+47 45 50 68 11,serpapi_google_maps
Trøndelag Hund og Kattesenter,Norge,Trøndelag,,http://firelabber.no,,google_maps,"Mellomriksvegen 1213, 7520 Hegra, Norge",+47 94 45 48 33,serpapi_google_maps
Sørstu Hundehotell,Norge,Trøndelag,bakk@sorstuhundehotell.no,http://www.sorstuhundehotell.no,https://www.facebook.com/profile.php,google_maps,"Øyåsvegen 154, 7224 Melhus, Norge",+47 92 66 62 91,serpapi_google_maps
Snåsa Hundepensjonat,Norge,Trøndelag,,,,google_maps,"Belbuvegen 46, 7760 Trondheim, Norge",,serpapi_google_maps
Hund i Norge,Norge,Trøndelag,,https://hundinorge.no,,google_maps,"Haakon Vii`s gate 12, 7041 Trondheim, Norge",+47 98 29 71 21,serpapi_google_maps
York Hundesalong,Norge,Trøndelag,,http://yorkhundesalong.no,,google_maps,"Haakon VIIs gt. 12B, 7041 Trondheim, Norge",+47 90 93 01 96,serpapi_google_maps
Trines Hundesalong AS,Norge,Trøndelag,,,,google_maps,"Bratsbergvegen 30, 7032 Trondheim, Norge",+47 73 94 35 00,serpapi_google_maps
Havstein Hundeluftegård,Norge,Trøndelag,ola@wanvik.no,http://www.havsteingolf.no,,google_maps,"Havstein jordet, 7021 Trondheim, Norge",+47 91 17 24 05,serpapi_google_maps
Hundehagen,Trondheim,Trøndelag,annemarit@hundehagen.no,http://www.hundehagen.no,,google_maps,,+47 97 59 26 30,serpapi_google_maps
Pan’s place hundefrisør og hundepassering,Norge,Rogaland,,http://pansplace.no,http://facebook.com/profile.php,google_maps,"Lagårdsveien 49, 4010 Stavanger, Norge",+47 95 52 30 59,serpapi_google_maps
Sørmarka hundeluftingsområde,Norge,Rogaland,vilde.folgesvold.lovra@stavanger.kommune.no,https://www.stavanger.kommune.no/kultur-og-fritid/tur-og-natur/hundehold-i-stavanger/#her-kan-hunden-l-pe-fritt,https://www.facebook.com/stavangerkommune,google_maps,"4020 Stavanger, Norge",,serpapi_google_maps
Tones hundepass,Norge,Rogaland,,https://privatkennel.no,,google_maps,"Høgeholvegen 110, 4054 Tjelta, Norge",+47 45 45 88 92,serpapi_google_maps
Zarstø Dog and Cat Hotel,Norge,Rogaland,leif@zarsto.no,https://zarsto.no,https://www.facebook.com/zarsto,google_maps,"Stokkaveien 145, 4313 Sandnes, Norge",+47 51 63 06 15,serpapi_google_maps
Doggy Day Care Lisa Kolnes,Norge,Rogaland,,,,google_maps,"Konradhagen 25, 4322 Sandnes, Norge",+47 93 80 12 80,serpapi_google_maps
Hundvåg,Norge,Rogaland,,,,google_maps,"Stavanger, Norge",,serpapi_google_maps
Top Dog Akademiet AS,Norge,Rogaland,,http://www.topdogakademiet.no,https://www.facebook.com/topdogakademiet,google_maps,"Prinsens vei 8, 4315 Stavanger, Norge",+47 90 67 12 44,serpapi_google_maps
Lundsneset Hundepark,Norge,Rogaland,,,,google_maps,"Lundsneset, Hundvågveien 4085, 4083 Hundvåg, Norge",,serpapi_google_maps
ViTo Hundepensjon,Norge,Rogaland,post@vitohundepensjon.no,http://vitohundepensjon.no,,google_maps,"Ålgårdsveien 253, 4336 Sandnes, Norge",+47 92 86 17 66,serpapi_google_maps
Hundeskogen,Norge,Rogaland,,,,google_maps,"4336 Sandnes, Norge",,serpapi_google_maps
Doggy Day Care,Stavanger,Rogaland,,https://www.doggydaycare.no,https://www.facebook.com/DoggyDayCareRogaland,google_maps,,,serpapi_google_maps
Sola Hundesenter AS,Norge,Rogaland,post@solahundesenter.no,http://www.solahundesenter.com,https://www.facebook.com/SolaHundesenter,google_maps,"Tanangervegen 213, 4056 Tananger, Norge",+47 92 62 16 75,serpapi_google_maps
Storhaug hundepark,Norge,Rogaland,,,,google_maps,"4015 Stavanger, Norge",,serpapi_google_maps
Hammaren hundepark,Norge,Rogaland,,,,google_maps,"Kvernevik Ring 4048, 4048 Stavanger, Norge",,serpapi_google_maps
Tjensvoll Dog Park,Norge,Rogaland,,,,google_maps,"Hemmestveitbakken 39, 4021 Stavanger, Norge",,serpapi_google_maps
Tastarustå Hundepark,Norge,Rogaland,,,,google_maps,"Tastarustå 41, 4027 Stavanger, Norge",,serpapi_google_maps
Siddis Hundeskole,Norge,Rogaland,,https://www.siddishundeskole.com,https://www.facebook.com/Siddishundeskole,google_maps,"Grotnes alle 3a, 4052 Røyneberg, Norge",+47 41 63 97 27,serpapi_google_maps
Kristianlyst Hundepark,Norge,Rogaland,,,,google_maps,"Timoteiveien 6, 4017 Stavanger, Norge",,serpapi_google_maps
Berge Hundeassistanse,Norge,Agder,berge@hundeassistanse.no,http://www.hundeassistanse.no,https://www.facebook.com/hundeassistanse,google_maps,"Ålefjærveien 113/115, 4634 Kristiansand, Norge",+47 48 10 50 98,serpapi_google_maps
Hundepensjonat Kristiansand,Norge,Agder,,,,google_maps,"Kroodden 41, 4624 Kristiansand, Norge",,serpapi_google_maps
Tiriltoppen Hundepass,Norge,Agder,,,,google_maps,"Daleveien 1228, 4519 Holum, Norge",,serpapi_google_maps
Hundestylisten sør - Din Hundefrisør i sør,Norge,Agder,olavjordbrekk@gmail.com,https://www.hundestylistensor.net,https://www.facebook.com/hundestylistensor,google_maps,"Marviksveien 147, 4632 Kristiansand, Norge",+47 93 88 85 70,serpapi_google_maps
Tromsø Hundeklubb,Norge,Troms og Finnmark,bhgleder@tromso-hundeklubb.no,http://www.tromso-hundeklubb.no,https://www.facebook.com/pages/Troms%C3%B8-Hundeklubb/360928467426571,google_maps,"Tromsøysundvegen 330, 9022 Krokelvdalen, Norge",+47 92 83 33 20,serpapi_google_maps
Charlottenlund hundepark,Norge,Troms og Finnmark,,,,google_maps,"Tromsøya, 9011 Tromsø, Norge",,serpapi_google_maps
Wagner Hundepass,Tromsø,Troms og Finnmark,,https://www.rover.com/members/gabi-w-dyreglad-familie-med-hus-og-hundegard-pa-land,,google_maps,,+47 95 00 69 40,serpapi_google_maps
Oslo Hundeskole Tromsø,Norge,Troms og Finnmark,oyvind@oslo-hundeskole.no,https://oslo-hundeskole.no/745/sommerkurs-i-tromso,https://www.facebook.com/OsloHundeskole,google_maps,"Leirstrandvegen 110, 9106 Straumsbukta, Norge",+47 41 33 24 04,serpapi_google_maps
Tromso Wilderness Center - Dog sledding,Norge,Troms og Finnmark,mail@villmarkssenter.no,https://villmarkssenter.no,https://www.facebook.com/tromsovillmarkssenter,google_maps,"Straumsvegen 601, 9105 Kvaløya, Norge",+47 77 69 60 02,serpapi_google_maps
Hundevis AS,Norge,Troms og Finnmark,marita@hundevis.as,http://www.hundevis.as,,google_maps,"Slettatorget 1, 9100 Kvaløysletta, Norge",+47 96 01 69 13,serpapi_google_maps
Kroken hundepark,Norge,Troms og Finnmark,,,,google_maps,"9022 Krokelvdalen, Norge",,serpapi_google_maps
Austmarka Hundehotell,Norge,Troms og Finnmark,,,,google_maps,"Brødbølvegen 707, 2224 Austmarka, Norge",+47 40 06 15 10,serpapi_google_maps
Elverum Hundepensjonat,Norge,Troms og Finnmark,,https://www.elverum-hundepensjonat.com,,google_maps,"Vestsivegen 519, 2406 Elverum, Norge",+47 90 83 34 22,serpapi_google_maps
Hundefrisøren i Skoger,Norge,Buskerud,,http://www.skogerdyrehotell.no/spa-og-hundefrisor/vare-spatilbud,,google_maps,"Bergsgata 14, 3074 Sande i Vestfold, Norge",+47 90 60 47 15,serpapi_google_maps
Aiden’s Hundelykke,Norge,Innlandet,,https://www.facebook.com/groups/751999595174166,,google_maps,"Bjerkelundsveien 22A, 1621 Gressvik, Norge",+47 92 03 26 66,serpapi_google_maps
Larvik Hundepark,Norge,Vestfold og Telemark,,,,google_maps,"Yttersøveien, 3262 Larvik, Norge",,serpapi_google_maps
Sandefjord Hundeklubb,Norge,Vestfold og Telemark,,http://www.sandefjordhundeklubb.no,,google_maps,"Hedrumveien, 3270 Larvik, Norge",,serpapi_google_maps
Larvik og omegn Hundeklubb,Norge,Vestfold og Telemark,,https://www.facebook.com/share/g/16csV4YnJ5,,google_maps,"Farriskilen, 3256 Larvik, Norge",+47 93 40 87 89,serpapi_google_maps
AS HUND,Norge,Vestfold og Telemark,,,,google_maps,"Mesterfjellveien 4, 3257 Larvik, Norge",+47 93 44 41 55,serpapi_google_maps
Hund Og Hundepark Lillehammer,Norge,Innlandet,,,,google_maps,"Tunvegen 1B, 2618 Lillehammer, Norge",,serpapi_google_maps
Lillehammer hundepark,Norge,Innlandet,,https://www.facebook.com/groups/182993643702922,,google_maps,"E6, 2615 Lillehammer, Norge",+47 61 10 77 00,serpapi_google_maps
Hamar Dog Park,Norge,Innlandet,postmottak@hamar.kommune.no,http://www.hamar.kommune.no,https://www.facebook.com/hamarkommune,google_maps,"Brygga 7, 2317 Hamar, Norge",,serpapi_google_maps
Bakken Hundesenter,Norge,Innlandet,,http://facebook.com/BakkenHundesenter,,google_maps,"Tangenvegen 893, 2337 Tangen, Norge",+47 97 98 07 46,serpapi_google_maps
Anita's dog and cat AS,Norge,Innlandet,,https://www.facebook.com/groups/anitashundogkatt,,google_maps,"Torggata 56, 2317 Hamar, Norge",+47 62 53 25 00,serpapi_google_maps
Hundekjøring Hedmarksvidda Husky a/s,Norge,Innlandet,kjersti.vogt@hedmarksviddahusky.no,http://www.hedmarksviddahusky.no,https://facebook.com//siberianhuskytours,google_maps,"Ellevsætervegen 637, 2386 Brumunddal, Norge",+47 47 82 82 59,serpapi_google_maps
Hamar Hundeskole AS,Norge,Innlandet,hamarhundeskole@gmail.com,https://www.hamarhundeskole.no,https://www.facebook.com/hamarhundeskole,google_maps,"Østrovegen 85, 2340 Løten, Norge",+47 90 10 03 41,serpapi_google_maps
Hamar Og Omegn Hundeklubb,Norge,Innlandet,,http://www.hamarhundeklubb.com,https://www.facebook.com/hohk.no,google_maps,"Fokholgutua 368, 2335 Stange, Norge",,serpapi_google_maps
Badiras hundesenter,Norge,Innlandet,,http://www.badirashundesenter.no,,google_maps,"Ringsakervegen 1320, 2390 Moelv, Norge",+47 47 93 34 70,serpapi_google_maps
Bjølsethagen Hundehotell,Norge,Innlandet,post@bjolsethagen.no,http://bjolsethagen.no,https://facebook.com/pg/Bj%C3%B8lsethagen-hundehotell-101350814819358/posts,google_maps,"Vestsivegen 1678, 2406 Elverum, Norge",+47 45 10 04 55,serpapi_google_maps
Per og Pias Hunde- og Kattepensjonat,Norge,Innlandet,hund@hund.no,http://www.hund.no,https://www.facebook.com/perogpias,google_maps,"Mjærumveien 112, 1827 Hobøl, Norge",+47 69 92 15 10,serpapi_google_maps
Vizi Dog Studio -HUNDEFRISØR HAMAR,Norge,Innlandet,,https://www.vizidogstudio.no,https://www.facebook.com/hundefrisor.hamar,google_maps,"Vangsvegen 132, 2318 Hamar, Norge",+47 94 18 86 99,serpapi_google_maps
Hundekaos,Hamar,Innlandet,kontakt@hundekaos.no,http://www.hundekaos.no,https://www.facebook.com/profile.php,google_maps,,,serpapi_google_maps
Hamar Hundefoto,Norge,Innlandet,,https://www.hamarhundefoto.no,,google_maps,"Grønnegata 94, 2317 Hamar, Norge",+47 95 25 78 73,serpapi_google_maps
Van Dogh,Norge,Innlandet,,https://www.vandogh.no,,google_maps,"Kurudvegen 109, 2322 Ridabu, Norge",+47 90 94 44 42,serpapi_google_maps
Askelabben Hundesenter As,Norge,Innlandet,,https://www.askelabbenhundesenter.no,https://www.facebook.com/Askelabben,google_maps,"Åsmarkvegen 755, 2364 Næroset, Norge",+47 95 96 81 29,serpapi_google_maps
Kjørbotangen Dog Park,Norge,Akershus,,,,google_maps,"Hamangskogen 15, 1338 Sandvika, Norge",,serpapi_google_maps
Logre Hundelufting,Sandvika,Akershus,,,,google_maps,,+47 45 44 89 68,serpapi_google_maps
Asker og Bærum hundelufting,Sandvika,Akershus,,https://askerogbaerumhundelufting.mypixieset.com,,google_maps,,+47 93 81 67 94,serpapi_google_maps
Hundefrisørene Dog Studio,Norge,Akershus,,http://hundefrisorene.no,,google_maps,"Eyvind Lyches vei 23 B, 1338 Sandvika, Norge",+47 41 38 52 46,serpapi_google_maps
HUNDEPASSERNE Fornebu,Sandvika,Akershus,post@hundepasserne.no,http://www.hundepasserne.no,https://www.facebook.com/webnode,google_maps,,+47 92 26 66 00,serpapi_google_maps
Silja dog walking AS,Norge,Akershus,silje_rue@hotmail.com,http://www.siljes-hundelufting.com,https://facebook.com/profile.php,google_maps,"Åsterudsletta 79, 1344 Haslum, Norge",+47 97 03 29 05,serpapi_google_maps
Storøyodden Dog Park,Norge,Akershus,,,,google_maps,"Storøya, 1364 Fornebu, Norge",,serpapi_google_maps
Juvika hunde- og kattehotell,Norge,Akershus,dyrisklandskap@hundeogkattehotell.no,https://hundeogkattehotell.no,https://www.facebook.com/Juvika-hunde-og-kattehotell-111211941487376,google_maps,"Årsandøyveien 408, 7980 Terråk, Norge",+47 47 76 45 63,serpapi_google_maps
Det Lille Hundehotellet i Buvika,Norge,Akershus,,,,google_maps,"Buvikåsvegen 173, 7350 Buvika, Norge",+47 93 02 95 39,serpapi_google_maps
Dog hiking oslo,Oslo,Akershus,doghikingoslo@gmail.com,https://doghikingoslo.no,https://www.facebook.com/profile.php,google_maps,,+47 41 20 92 61,serpapi_google_maps
Didriksens Hundetjenester,Sandvika,Akershus,,,,google_maps,,+47 47 70 59 00,serpapi_google_maps
Bærum Hundesenter,Norge,Akershus,,,,google_maps,"Kjørboparken, 1338 Sandvika, Norge",+47 92 80 49 13,serpapi_google_maps
Vøyenenga hundepark,Norge,Akershus,,,,google_maps,"Vangkroken 20, 1339 Vøyenenga, Norge",,serpapi_google_maps
Asker & Bærum Hundefrisør,Norge,Akershus,,https://www.facebook.com/AskerHundefrisor,,google_maps,"Syverstadkollen 28B, 1394 Nesbru, Norge",,serpapi_google_maps
Norges Hundeskole i Oslo i Nydalen,Norge,Akershus,,https://norgeshundeskole.no/avdelinger/oslo-nydalen,,google_maps,"Nydalsveien 30C, 0484 Oslo, Norge",+47 90 11 14 44,serpapi_google_maps
HUNDEPASSERNE Fornebu,Lysaker,Akershus,post@hundepasserne.no,http://www.hundepasserne.no,https://www.facebook.com/webnode,google_maps,,+47 92 26 66 00,serpapi_google_maps
Asker og Bærum hundelufting,Lysaker,Akershus,,https://askerogbaerumhundelufting.mypixieset.com,,google_maps,,+47 93 81 67 94,serpapi_google_maps
Logre Hundelufting,Lysaker,Akershus,,,,google_maps,,+47 45 44 89 68,serpapi_google_maps
Røa Hundelufting,Norge,Akershus,,,,google_maps,"Vækerøveien 205B, 0751 Oslo, Norge",+47 91 75 20 90,serpapi_google_maps
Aiden Hundepensjonat,Norge,Akershus,,,,google_maps,"Ilebekkveien 236, 1963 Fosser, Norge",+47 47 95 51 44,serpapi_google_maps
Smarthund Hundeskole,Norge,Akershus,info@smarthund.no,http://www.smarthund.no,http://www.facebook.com/smarthund.no,google_maps,"Odd Nansens Vei 29, 1360 Fornebu, Norge",+47 41 23 12 34,serpapi_google_maps
Hundejordet,Norge,Akershus,,https://www.oslo.kommune.no/natur-kultur-og-fritid/tur-og-friluftsliv/dyr-i-oslo/hundehold,,google_maps,"0375 Oslo, Norge",,serpapi_google_maps
HundetrenerLine AS,Norge,Innlandet,line@hundemoment.no,http://www.hundemoment.no,,google_maps,"Kronprins Olavs veg 42, 2819 Gjøvik, Norge",+47 99 36 10 77,serpapi_google_maps
Enga Hundepensjonat,Norge,Vestfold og Telemark,booking@engahund.no,http://engahund.no,,google_maps,"Baneveien 52, 3400 Lier, Norge",+47 95 96 41 24,serpapi_google_maps
Froland Hundepensjonat,Norge,Vestfold og Telemark,voff@hundegarden.no,https://www.hundegarden.no,https://www.facebook.com/search/top,google_maps,"Jomåsveien 1370, 4820 Froland, Norge",+47 91 84 41 71,serpapi_google_maps
Hundeparken i Bamble,Norge,Vestfold og Telemark,,https://www.facebook.com/BambleHundepark,,google_maps,"Synken, Nordre, 3961 Stathelle, Norge",,serpapi_google_maps
Osebakken hundepark,Norge,Vestfold og Telemark,,https://www.facebook.com/groups/898538622071322,,google_maps,"Borgestadvegen 23, 3912 Porsgrunn, Norge",,serpapi_google_maps
Voffe Hundehotell og Hundetrening,Norge,Møre og Romsdal,,https://www.voffehundehotell.no,,google_maps,"Varudgutua 3, 2072 Dal, Norge",+47 90 50 17 66,serpapi_google_maps
Slettvoll Gård Hundepensjonat,Norge,Møre og Romsdal,,https://slettvollgard.no/omhotellet,,google_maps,"7160 Bjugn, Norge",+47 93 61 58 00,serpapi_google_maps
Hund med Hanne,Norge,Møre og Romsdal,post@hundmedhanne.no,https://www.hundmedhanne.no,,google_maps,"Åsan 185, 7357 Skaun, Norge",+47 93 07 31 07,serpapi_google_maps
Vestreim Hundepark,Norge,Sogn og Fjordane,,,,google_maps,"Helgheimsvegen, 6854 Kaupanger, Norge",,serpapi_google_maps
Engene Gård Animal Boarding and Stable,Norge,Viken,christel.flagestad@engenegaard.no,https://www.engenegaard.no,,google_maps,"Engene 110, 1544 Vestby, Norge",+47 90 14 14 16,serpapi_google_maps
Lindemark hundepensjonat,Norge,Viken,eline@lindemarkhundepensjonat.no,http://www.lindemarkhundepensjonat.no,https://www.facebook.com/LindemarkHundepensjonat,google_maps,"Lindemarkveien 86, 1730 Ise, Norge",+47 47 09 64 72,serpapi_google_maps
Moss og Omegn Hundeklubb,Norge,Viken,styret@mohk.no,https://mohk.no,,google_maps,"Møllebakken 15, 1538 Moss, Norge",,serpapi_google_maps
Farmen Hunde- og Kattehotell,Norge,Viken,,https://www.farmenhundogkatt.no,https://www.facebook.com/Farmen-hunde-og-kattehotell-as-596061784188974,google_maps,"Rosveien 249, 1593 Svinndal, Norge",+47 46 54 22 39,serpapi_google_maps
Smoopy Hundesalong | Hundefrisør | Moss,Norge,Viken,smoopyhundesalong@gmail.com,https://www.smoopyhundesalong.com,https://www.facebook.com/SmoopyHundefrisor,google_maps,"Welhavens gate 15, 1530 Moss, Norge",+47 96 86 70 33,serpapi_google_maps
Kosepusen Feriehus Hund Katt Hest & Smådyr Pensjonat,Norge,Viken,,,,google_maps,"Faugliveien 171, 1852 Mysen, Norge",+47 90 60 60 41,serpapi_google_maps
Flakkefossen Kennel og Hundepensjonat,Norge,Agder,,http://flakkefossen.no,,google_maps,"Dyvik 88, 4790 Lillesand, Norge",+47 41 48 78 89,serpapi_google_maps
Flakkefossen hundesenter AS,Norge,Agder,,http://flakkefossen.no,,google_maps,"Dyvig 88, 4790 Lillesand, Norge",+47 94 15 50 72,serpapi_google_maps
La Lumière Du Nord Hundefrisør & Spa As,Norge,Agder,lalumieredunord.no@gmail.com,http://www.lalumieredunord.no,https://nb-no.facebook.com/lalumieredunord47,google_maps,"Voss gate 1, 4878 Grimstad, Norge",+47 90 17 29 52,serpapi_google_maps
Grimstalyan Hundcenter,Vällingby,Agder,info@grimstalyan.se,http://www.grimstalyan.se,https://www.facebook.com/Grimstalyan-184989294977535,google_maps,"Gulddragargränd 46, 162 58 Vällingby",072-219 88 78,serpapi_google_maps
